id,name,model_id:id,group_id:id,perm_read,perm_write,perm_create,perm_unlink
access_dr_product_brand_manager,dr.product.brand.manager,model_dr_product_brand,sales_team.group_sale_manager,1,1,1,1
access_dr_product_brand_public,dr.product.brand.public,model_dr_product_brand,,1,0,0,0
access_dr_product_label_manager,dr.product.label.manager,model_dr_product_label,sales_team.group_sale_manager,1,1,1,1
access_dr_product_label_public,dr.product.label.public,model_dr_product_label,,1,0,0,0
access_dr_website_menu_label_designer,dr.website.menu.label.designer,model_dr_website_menu_label,website.group_website_designer,1,1,1,1
access_dr_website_menu_label,dr.website.menu.label.public,model_dr_website_menu_label,,1,0,0,0