<?xml version="1.0" ?>
<templates>
    <div class="d_category_widget" t-name="droggol_theme_common.category_widget">
        <div>
            <div class="d_category_input_group">
                <h5 class="">
                    <i class="fa fa-bars text-primary"></i> Categories    <small class="text-muted">(Drag &amp; Drop items to sort)</small>
                </h5>
                <hr class="mt-0"/>
            </div>
            <ul class="d_sortable_block list-unstyled">
                <t t-set="categories" t-value="widget.categories"/>
                <t t-if="widget.categoryIDs.length &amp;&amp; categories">
                    <t t-call="d_categories_list"/>
                </t>
            </ul>
            <div class="container d-category-placeholder">
                <div class="row">
                    <div class="col-12 text-center">
                        <img src="/droggol_theme_common/static/src/img/placeholder.png" class="img img-fluid"/>
                        <h5>No categories added.</h5>
                        <div>Click on bottom-left corner button to add category.</div>
                    </div>
                </div>
            </div>
        </div>
        <div class="mt-3">
            <button class="d_add_category btn btn-primary"> Add Category</button>
        </div>
        <div class="d_category_input_group">
            <h5 class="mt-5">
                <i class="fa fa-cog text-primary"></i> Options
            </h5>
            <hr class="mt-0"/>
        </div>
        <div class="row form-group mb-0 d-none d_category_input_group">
            <div class="col-6">
                <label for="d_ppc_select" class="d-block h6">Products per Category</label>
                <input type="number" min="1" max="20" class="form-control w-50" id="d_ppc_select" t-att-value="widget.limit"/>
            </div>
            <div class="col-6">
                <label for="d_sort_by_select" class="d-block h6">Sort By</label>
                <select id="d_sort_by_select" class="form-control w-50">
                    <t t-foreach="widget.sortByVals" t-as="sort">
                        <option t-att-value="sort" t-att-selected="sort === widget.sortBy ? 'selected' : undefined">
                            <t t-esc="sort_value"/>
                        </option>
                    </t>
                </select>
            </div>
            <div class="col-12">
                <div class="form-row align-items-center">
                    <div class="col-12 my-4">
                        <div class="custom-control custom-checkbox mr-sm-2">
                            <input type="checkbox" class="custom-control-input" id="d_include_child_categories" t-att-checked="widget.includesChild ? 'checked' : undefined"/>
                            <label class="custom-control-label" for="d_include_child_categories">
                                <h6 class="d-inline">Includes Products from child categories.</h6>
                            </label>
                        </div>
                    </div>
                </div>
            </div>
        </div>
    </div>

    <t t-name="d_categories_list">
        <t t-foreach="categories" t-as="category">
            <li class="d_category_item mt-3" t-att-data-category-id="category.id">
                <div class="row no-gutters border">
                    <div class="d_sortable_item_handel justify-content-center d-flex align-items-center">
                        <span class="text-primary fa fa-ellipsis-v"/>
                        <span class="text-primary fa fa-ellipsis-v"/>
                    </div>
                    <div class="col-12">
                        <div class="px-2 py-3 d_category_info">
                            <p class="ml-3 text-primary mb-0 d-inline-block mr-1" t-esc="category.name"/> <small>(<t t-esc="category.display_name"/>)</small>
                            <button t-att-data-category-id="category.id" class="pull-right text-primary mr-4 btn btn-link p-0 d_view_category_products d_product_to_fetch">
                                <i class="fa fa-exclamation-triangle text-warning d_warning_no_products d-none" data-toggle="tooltip" title="There are no products under this category."/>
                                <small>View Products  <i class="lnr lnr-chevron-right"/></small>
                            </button>
                            <span t-att-data-category-id="category.id" class="lnr lnr-cross d_remove_item border text-center" data-toggle="tooltip" title="Remove"/>
                        </div>
                    </div>
                </div>
                <div class="row no-gutters">
                    <div class="col-12 d_products_list_block px-2 bg-100 d-none" t-att-data-category-id="category.id"/>
                </div>
            </li>
        </t>
    </t>

    <t t-name="d_products_by_category">
        <div t-if="products.length" class="row">
            <t t-foreach="products" t-as="product">
                <div class="col-4">
                    <div class="card my-2 d_products_card rounded-0" style="max-width: 540px;">
                        <div class="row no-gutters">
                            <div class="col-md-3 border-right">
                                <img t-att-src="product.img_small" class="card-img o_image_64_contain"/>
                            </div>
                            <div class="col-md-9">
                                <div class="card-body p-2">
                                    <div class="card-title text-truncate mb-0" t-esc="product.name"/>
                                    <div>
                                        <small class="text-dark" t-raw="product.price"/>
                                        <small t-if="product.has_discounted_price" class="text-danger" style="text-decoration: line-through; white-space: nowrap;" t-raw="product.list_price"/>
                                    </div>
                                </div>
                            </div>
                        </div>
                    </div>
                </div>
            </t>
        </div>
        <div t-else="" class="py-3">
            <div>Oops, there are no products under this category.</div>
        </div>
    </t>

    <t t-name="category_select2_dropdown">
        <div class="row no-gutters border-bottom">
            <span class="font-weight-bold mb-1 text-600" t-esc="data.text"/>
             <span class="mb-1 text-600">(<t t-esc="data.display_name"/>)</span>
        </div>
    </t>
</templates>
