<?xml version="1.0" ?>
<templates>
    <div class="d_mega_menu_category_widget" t-name="droggol_theme_common.mega_menu_category_widget">
        <div>
            <div class="d_category_input_group">
                <h5 class="">
                    <i class="fa fa-bars text-primary"></i> Categories    <small class="text-muted">(Drag &amp; Drop items to sort)</small>
                </h5>
                <hr class="mt-0"/>
            </div>
            <ul class="d_sortable_block list-unstyled">
                <t t-set="categories" t-value="widget.categories"/>
                <t t-if="widget.parentCategoryIDs.length &amp;&amp; categories">
                    <t t-call="d_categories_list"/>
                </t>
            </ul>
            <div class="container d-category-placeholder">
                <div class="row">
                    <div class="col-12 text-center">
                        <img src="/droggol_theme_common/static/src/img/placeholder.png" class="img img-fluid"/>
                        <h5>No categories added.</h5>
                        <div>Click on bottom-left corner button to add category.</div>
                    </div>
                </div>
            </div>
            <div class="mt-3">
                <button class="d_add_category btn btn-primary"> Add Categories </button>
            </div>
        </div>
    </div>

    <t t-name="d_categories_list">
        <t t-foreach="categories" t-as="category">
            <li class="d_category_item mt-3" t-att-data-category-id="category.id" t-att-data-child="JSON.stringify(category.child)">
                <div class="row no-gutters border">
                    <div class="d_sortable_item_handel justify-content-center d-flex align-items-center">
                        <span class="text-primary fa fa-ellipsis-v"/>
                        <span class="text-primary fa fa-ellipsis-v"/>
                    </div>
                    <div class="col-12">
                        <div class="px-2 py-3 d_category_info">
                            <p class="ml-3 text-primary mb-0 d-inline-block mr-1" t-esc="category.name"/> <small>(<t t-esc="category.display_name"/>)</small>
                            <button t-att-data-category-id="category.id" class="pull-right text-primary mr-4 btn btn-link p-0 dr_add_child_category">
                                <small><i class="lnr lnr-plus-circle" data-toggle="tooltip" title="Add Categories"/> Manage Child Categories </small>
                            </button>
                            <span t-att-data-category-id="category.id" class="lnr lnr-cross d_remove_item border text-center" data-toggle="tooltip" title="Remove"/>
                        </div>
                    </div>
                </div>
            </li>
        </t>
    </t>

    <t t-name="category_select2_dropdown">
        <div class="row no-gutters border-bottom">
            <span class="font-weight-bold mb-1 text-600" t-esc="data.text"/>
             <span class="mb-1 text-600">(<t t-esc="data.display_name"/>)</span>
        </div>
    </t>
</templates>
