<?xml version="1.0" ?>
<templates>
    <t t-name="s_d_brand_snippet">
        <div class="row">
            <t t-if="data.length">
                <t t-foreach="data" t-as="brand">
                    <div class="col-md-3 col-6">
                        <div class="bg-white">
                            <a class="d-block border mb-3 rounded-lg py-3 dr-animation-scale" t-attf-href="/shop?attrib=0-#{brand.id}">
                                <img class="d-block img img-fluid w-50 mx-auto" t-attf-src="/web/image/dr.product.brand/#{brand.id}/image" />
                            </a>
                        </div>
                    </div>
                </t>
            </t>
            <t t-elif="widget.noDataTemplate">
                <div class="col-12">
                    <t t-call="#{widget.noDataTemplate}"></t>
                </div>
            </t>
        </div>
    </t>
</templates>
