<?xml version="1.0" ?>
<templates>

    <t t-name="s_d_image_products_block_tmpl">
        <t t-if="data.length">
            <div class="owl-carousel droggol_product_slider_top">
                <t t-foreach="data" t-as="products">
                    <div class="row no-gutters">
                        <t t-foreach="products" t-as="product">
                            <div class="col-lg-4 col-6 mt-2 px-2">
                                <div class="card border p-1 mb-2" style="border-radius:4px;">
                                    <div class="row no-gutters">
                                        <div class="col-md-4">
                                            <a t-att-href="product.website_url" class="d-flex align-items-center h-100 w-100 justify-content-center">
                                                    <img t-att-src="product.img_medium" class="card-img d_product_img"/>
                                            </a>
                                        </div>
                                        <div class="col-md-8 pl-2">
                                            <div class="card-body p-1">
                                                <a t-if="product.category_info" class="text-decoration-none" t-att-href="product.category_info.website_url">
                                                    <small class="dr_category_lable" t-esc="product.category_info.name"/>
                                                </a>
                                                <t t-else="">
                                                    <br/>
                                                </t>
                                                <h6 class="text-truncate my-1 d-product-name">
                                                    <a t-att-href="product.website_url">
                                                        <t t-esc="product.name"/>
                                                    </a>
                                                </h6>
                                                <div class="d-star-rating d-none d-md-block">
                                                    <t t-raw="product.rating"/>
                                                </div>
                                                <div class="mt-1">
                                                    <span class="d-product-price h6 text-primary mb-1 d-inline-block" t-raw="product.price"/> <span t-if="product.has_discounted_price" class="mb-0" style="text-decoration: line-through; white-space: nowrap;font-size:13px;" t-raw="product.list_price"/>
                                                </div>
                                            </div>
                                        </div>
                                    </div>
                                </div>
                            </div>
                        </t>
                    </div>
                </t>
            </div>
        </t>
        <t t-elif="widget.noDataTemplate">
            <t t-call="#{widget.noDataTemplate}"></t>
        </t>
    </t>
</templates>
