<?xml version="1.0" encoding="UTF-8"?>

<templates>

    <!-- Card container -->
    <t t-name="d_s_cards_wrapper">
        <div class="container mt-4">
            <t t-call="d_product_snippet_inner_content"/>
        </div>
    </t>

    <t t-name="d_product_snippet_inner_content">
        <t t-set="userParams" t-value="widget.userParams"/>
        <t t-if="userParams.layoutType === 'slider'">
            <div t-if="data.length" t-attf-class="owl-carousel droggol_product_slider d-owl-ppr-#{12 / userParams.ppr}">
                <t t-foreach="data" t-as="item">
                    <t t-call="#{userParams.snippetStyle}"/>
                </t>
            </div>
            <t t-elif="widget.noDataTemplate">
                <t t-call="#{widget.noDataTemplate}"></t>
            </t>
        </t>
        <t t-else="">
            <div class="row">
                <t t-if="data.length">
                    <t t-foreach="data" t-as="item">
                        <t t-call="s_products_grid_col"/>
                    </t>
                </t>
                <t t-elif="widget.noDataTemplate">
                    <div class="col-12">
                        <t t-call="#{widget.noDataTemplate}"></t>
                    </div>
                </t>
            </div>
        </t>
    </t>

    <t t-name="d_s_category_cards_wrapper">
        <div class="container o_not_editable mt-4">
            <div class="d_s_category_cards_wrapper mb-4">
                <t t-set="categories" t-value="widget.categories"/>
                <t t-call="#{widget.categoryFilterStyle.categoryFilterStyle}"/>
            </div>
            <div class="d_s_category_cards_container mb-4">
                <t t-set="categoryID" t-value="widget.initialCategory"/>
                <t t-call="d_s_category_cards_item"/>
            </div>
        </div>
    </t>

    <t t-name="d_s_category_cards_item">
        <div class="d_s_category_cards_item" t-att-data-category-id="categoryID">
            <t t-call="d_product_snippet_inner_content"/>
        </div>
    </t>

    <t t-name="s_products_grid_col">
        <div t-attf-class="col-md-#{userParams.col_size} mb-3">
            <t t-call="#{userParams.snippetStyle}"/>
        </div>
    </t>

    <!-- Card - 1 -->
    <t t-name="s_card_style_1">
        <div class="card h-100 text-center rounded-0 s_card_style_1">
            <a class="d_products_cover d-flex align-items-center" t-att-href="item.website_url">
                <!-- TO-DO MAX-HEIGHT -->
                <img t-att-src="item.img_medium" class="card-img-top d-product-img"/>
                <span t-if="userParams.rating" class="d_rating_top_right">
                    <t t-raw="item.rating"/>
                </span>
            </a>
            <!-- TO-DO MOVE lable mixin to common module -->
            <span t-if="userParams.label &amp;&amp; item.label" t-attf-class="badge dr-product-label dr-product-label-color-#{item.label_color}">
                <div class="corner"/>
                <t t-esc="item.label"/>
            </span>
            <div class="card-body p-0">
                <h5 class="card-title text-truncate mt-4 d-product-name">
                    <a t-att-href="item.website_url"><t t-esc="item.name"/></a>
                </h5>
                <div class="d-product-price">
                    <h5 class="d-inline-block text-primary font-weight-bold" t-raw="item.price"/>
                    <h5 t-if="item.has_discounted_price" class="text-muted d-inline-block font-weight-bold" style="text-decoration: line-through; white-space: nowrap;" t-raw="item.list_price"/>
                </div>
                <div class="border-top mt-3" contenteditable="false">
                    <div class="row no-gutters">
                        <button t-if="userParams.quick_view" t-att-data-product-template-id="item.id" class="btn py-3 btn-default d_action_btn border-right col d_product_quick_view" data-toggle="tooltip" title="Quick View">
                            <i class="d_action_btn_icon lnr lnr-eye"></i>
                            <small class="w-100 d-block d_action_btn_lable"> View </small>
                        </button>
                        <button t-if="userParams.add_to_cart" t-att-data-product-product-id="item.product_variant_id" class="btn py-3 btn-default d_action_btn border-right col d_add_to_cart_btn" data-toggle="tooltip" title="Add to Cart">
                            <i class="d_action_btn_icon lnr lnr-cart"></i>
                            <small class="w-100 d-block d_action_btn_lable">To cart</small>
                        </button>
                        <button t-if="userParams.comparison" t-att-data-product-product-id="item.product_variant_id" class="btn py-3 btn-default d_action_btn border-right col d_product_comparison" data-toggle="tooltip" title="Compare">
                            <span class="d_action_btn_icon lnr lnr-layers"></span>
                            <small class="w-100 d-block d_action_btn_lable"> Compare </small>
                        </button>
                        <button t-if="userParams.wishlist" t-att-data-product-product-id="item.product_variant_id" class="btn py-3 btn-default d_action_btn col d_add_to_wishlist_btn" data-toggle="tooltip" title="Add to Wishlist">
                            <i class="d_action_btn_icon lnr lnr-heart"></i>
                            <small class="w-100 d-block d_action_btn_lable"> Wishlist </small>
                        </button>
                    </div>
                </div>
            </div>
        </div>
    </t>

    <!-- Card - 2 -->
    <t t-name="s_card_style_2">
        <div class="card h-100 s_card_style_2 border-0">
            <!-- TO-DO MAX-HEIGHT -->
            <div class="d_product_box">
                <img t-att-src="item.img_medium" class="card-img-top d-product-img"/>
                <div t-if="userParams.anyActionEnabled" class="d_card_overlay"/>
                <!-- TO-DO make this btn template generic if possible -->
                <div t-if="userParams.anyActionEnabled" class="d_actions">
                    <button t-if="userParams.quick_view" t-att-data-product-template-id="item.id" data-toggle="tooltip" data-placement="bottom" class="btn btn-default d_action_btn d_product_quick_view" title="Quick View">
                        <i class="d_action_btn_icon lnr lnr-eye"></i>
                    </button>
                    <button t-if="userParams.add_to_cart" t-att-data-product-product-id="item.product_variant_id" data-toggle="tooltip" data-placement="bottom" class="btn btn-default d_action_btn d_add_to_cart_btn" title="Add to Cart">
                        <i class="d_action_btn_icon lnr lnr-cart"></i>
                    </button>
                    <button t-if="userParams.comparison" t-att-data-product-product-id="item.product_variant_id" data-toggle="tooltip" data-placement="bottom" class="btn btn-default d_action_btn d_product_comparison" title="Compare">
                        <span class="d_action_btn_icon lnr lnr-layers"></span>
                    </button>
                    <button t-if="userParams.wishlist" t-att-data-product-product-id="item.product_variant_id" data-toggle="tooltip" data-placement="bottom" class="btn btn-default d_action_btn d_add_to_wishlist_btn" title="Add to Wishlist">
                        <i class="d_action_btn_icon lnr lnr-heart"></i>
                    </button>
                </div>
                <!-- TO-DO MOVE lable mixin to common module -->
                <span t-if="userParams.label &amp;&amp; item.label" t-attf-class="badge dr-product-label dr-product-label-color-#{item.label_color}">
                    <div class="corner"/>
                    <t t-esc="item.label"/>
                </span>
            </div>
            <div class="card-body">
                <h5 class="card-title text-truncate mt-2 d-product-name text-left mb-1">
                    <a t-att-href="item.website_url"><t t-esc="item.name"/></a>
                </h5>
                <div class="row no-gutters">
                    <div class="col-8 text-left">
                        <h6 class="text-600 d-inline-block" t-raw="item.price"/> <small t-if="item.has_discounted_price" style="text-decoration: line-through; white-space: nowrap;" t-raw="item.list_price"/>
                    </div>
                    <div t-if="userParams.rating" class="col-4">
                        <t t-raw="item.rating"/>
                    </div>
                </div>
            </div>
        </div>
    </t>

    <!-- Card - 3 -->
    <t t-name="s_card_style_3">
        <div class="card h-100 s_card_style_3">
            <div class="d_product_box h-100 text-center">
                <div t-if="userParams.anyActionEnabled" class="d_actions d-flex">
                    <button t-if="userParams.quick_view" t-att-data-product-template-id="item.id" data-toggle="tooltip" data-placement="bottom" class="btn btn-light text-center border rounded-circle d_action_btn d_product_quick_view" title="Quick View">
                        <i class="d_action_btn_icon lnr lnr-eye"></i>
                    </button>
                    <button t-if="userParams.comparison" t-att-data-product-product-id="item.product_variant_id" data-toggle="tooltip" data-placement="bottom" class="btn btn-light text-center border rounded-circle d_action_btn d_product_comparison" title="Compare">
                        <span class="d_action_btn_icon lnr lnr-layers"></span>
                    </button>
                    <button t-if="userParams.wishlist" t-att-data-product-product-id="item.product_variant_id" data-toggle="tooltip" data-placement="bottom" class="btn btn-light text-center border rounded-circle d_action_btn d_add_to_wishlist_btn" title="Add to Wishlist">
                        <i class="d_action_btn_icon lnr lnr-heart"></i>
                    </button>
                </div>
                <div class="d_img_block">
                    <a t-att-href="item.website_url">
                        <img t-att-src="item.img_medium" class="img img-fluid d-product-img"/>
                    </a>
                    <!-- LABEL -->
                    <span t-if="userParams.label &amp;&amp; item.label" t-attf-class="badge dr-product-label dr-product-label-color-#{item.label_color}">
                        <div class="corner"/>
                        <t t-esc="item.label"/>
                    </span>
                </div>
                <div class="d_product_info p-3">
                    <div class="d_product_info_lev_2">
                        <t t-if="userParams.category_info &amp;&amp; item.category_info">
                            <a class="text-decoration-none" t-att-href="item.category_info.website_url">
                                <small class="dr_category_lable" t-esc="item.category_info.name"/>
                            </a>
                        </t>
                        <t t-else="">
                            <br/>
                        </t>
                        <a t-att-href="item.website_url">
                            <h5 class="text-truncate mt-2 text-primary mb-1"><t t-esc="item.name"/></h5>
                        </a>
                        <div t-if="userParams.rating">
                            <t t-raw="item.rating"/>
                        </div>
                        <div class="d-product-price">
                            <p class="d-inline-block mb-0 text-800" t-raw="item.price"/>
                            <small t-if="item.has_discounted_price" class="text-muted d-inline-block mb-0" style="text-decoration: line-through; white-space: nowrap;" t-raw="item.list_price"/>
                        </div>
                        <div class="d-add_to_cart_block">
                            <button t-if="userParams.add_to_cart" t-att-data-product-product-id="item.product_variant_id" data-toggle="tooltip" data-placement="bottom" class="btn btn-primary w-100 d_action_btn d_add_to_cart_btn" title="Add to Cart">
                                <i class="d_action_btn_icon lnr lnr-cart"></i> ADD TO CART
                            </button>
                        </div>
                    </div>
                </div>
            </div>
        </div>
    </t>

    <!-- Card - 4 -->
    <t t-name="s_card_style_4">
        <div class="card mb-3 s_card_style_4 s_d_horizontal_card">
            <div class="row no-gutters">
                <div class="col-lg-5 col-md-12">
                    <div class="d-flex align-items-center h-100">
                        <a class="d_products_cover h-100" t-att-href="item.website_url">
                            <img t-att-src="item.img_medium" class="card-img o_object_fit_cover h-100 d-product-img"/>
                        </a>
                    </div>
                    <span t-if="userParams.label &amp;&amp; item.label" t-attf-class="badge dr-product-label dr-product-label-color-#{item.label_color}">
                        <div class="corner"/>
                        <t t-esc="item.label"/>
                    </span>
                </div>
                <div class="col-lg-7 col-md-12 text-left border-left">
                    <div class="card-body p-3">
                        <t t-if="userParams.category_info">
                            <t t-if="item.category_info">
                                <a class="text-decoration-none" t-att-href="item.category_info.website_url">
                                    <small class="dr_category_lable" t-esc="item.category_info.name"/>
                                </a>
                            </t>
                            <t t-else="">
                                <br/>
                            </t>
                        </t>
                        <h5 class="text-truncate d-product-name my-1">
                            <a t-att-href="item.website_url">
                                <t t-esc="item.name"/>
                            </a>
                        </h5>
                        <span t-if="userParams.rating">
                            <t t-raw="item.rating"/>
                        </span>
                        <div class="d-product-price my-1">
                            <p class="d-inline-block mb-0 text-primary font-weight-bold" t-raw="item.price"/>
                            <small t-if="item.has_discounted_price" class="text-muted d-inline-block mb-0" style="text-decoration: line-through; white-space: nowrap;" t-raw="item.list_price"/>
                        </div>
                        <div class="d_product_description" t-if="userParams.description_sale &amp;&amp; item.description_sale">
                            <p class="mb-1 card-text" t-esc="item.description_sale"/>
                        </div>
                        <div class="d_actions">
                            <div class="mt-3">
                                <button t-if="userParams.comparison" t-att-data-product-product-id="item.product_variant_id" data-toggle="tooltip" data-placement="bottom" class="btn btn-link text-center d_action_btn py-0 px-2 border-right d_product_comparison" title="Compare">
                                    <span class="d_action_btn_icon lnr lnr-layers"></span> Compare
                                </button>
                                <button t-if="userParams.wishlist" t-att-data-product-product-id="item.product_variant_id" data-toggle="tooltip" data-placement="bottom" class="btn btn-link text-center d_action_btn py-0 px-2 d_add_to_wishlist_btn" title="Add to Wishlist">
                                    <i class="d_action_btn_icon lnr lnr-heart"></i> Wishlist
                                </button>
                            </div>
                            <button t-if="userParams.add_to_cart" t-att-data-product-product-id="item.product_variant_id" data-toggle="tooltip" data-placement="bottom" class="btn btn-primary d_action_btn d_add_to_cart_btn mt-3" title="Add to Cart">
                                <i class="d_action_btn_icon lnr lnr-cart"></i> ADD TO CART
                            </button>
                        </div>
                    </div>
                </div>
            </div>
        </div>
    </t>


    <!-- Card - 5 -->
    <t t-name="s_card_style_5">
        <div class="card h-100 s_card_style_5 d_product_card border-0 position-relative" t-att-data-product-id="item.id">
            <div class="d_product_box h-100 text-center">
                <div t-if="item.images.length &amp;&amp; userParams.images" class="d_image_container">
                    <t t-foreach="item.images" t-as="imgID">
                        <t t-if="2 &gt; imgID_index">
                            <img t-if="imgID_index === 0" t-att-data-product-id="item.id" class="d_product_thumb_img d_active" t-att-src="item.img_medium"/>
                            <img class="d_product_thumb_img" t-att-data-product-id="item.id" t-attf-src="/web/image/product.image/#{imgID}/image_512"/>
                        </t>
                    </t>
                </div>
                <div class="d_img_block">
                    <a t-att-href="item.website_url">
                        <img t-att-src="item.img_medium" class="img img-fluid d-product-img"/>
                    </a>
                    <!-- LABEL -->
                    <span t-if="userParams.label &amp;&amp; item.label" t-attf-class="badge dr-product-label dr-product-label-color-#{item.label_color}">
                        <div class="corner"/>
                        <t t-esc="item.label"/>
                    </span>
                </div>
                <div class="d_product_info p-3">
                    <div class="d_product_info_lev_2">
                        <t t-if="userParams.category_info">
                            <a t-if="item.category_info" class="text-decoration-none d-block" t-att-href="item.category_info.website_url">
                                <small class="dr_category_lable" t-esc="item.category_info.name"/>
                            </a>
                            <t t-else="">
                                <br/>
                            </t>
                        </t>
                        <a t-att-href="item.website_url" class="font-weight-bold d_link d_product_name d-block">
                            <t t-esc="item.name"/>
                        </a>
                        <div class="d-product-price mt-1 mb-2">
                            <p class="d-inline-block h5 mb-0 font-weight-bold text-primary" t-raw="item.price"/>
                            <small t-if="item.has_discounted_price" class="text-muted d-inline-block mb-0" style="text-decoration: line-through; white-space: nowrap;" t-raw="item.list_price"/>
                        </div>
                    </div>
                    <div class="d_rating_block position-relative" t-if="userParams.rating">
                        <t t-raw="item.rating"></t>
                    </div>
                    <div t-if="userParams.anyActionEnabled" class="d_actions">
                        <button t-if="userParams.wishlist" t-att-data-product-product-id="item.product_variant_id" data-toggle="tooltip" data-placement="bottom" class="d_action_btn mx-1 btn-secondary btn d_add_to_wishlist_btn" title="Add to Wishlist">
                            <i class="d_action_btn_icon lnr lnr-heart"></i>
                        </button>
                        <button t-if="userParams.add_to_cart" t-att-data-product-product-id="item.product_variant_id" data-toggle="tooltip" data-placement="bottom" class="btn btn-primary d_action_btn mx-1 d_add_to_cart_btn" title="Add to Cart">
                            <i class="d_action_btn_icon lnr lnr-cart"></i> ADD TO CART
                        </button>
                        <button t-if="userParams.comparison" t-att-data-product-product-id="item.product_variant_id" data-toggle="tooltip" data-placement="bottom" class="d_action_btn btn-secondary mx-1 btn d_product_comparison" title="Compare">
                            <span class="d_action_btn_icon lnr lnr-layers"></span>
                        </button>
                    </div>
                    <div t-if="userParams.quick_view" class="dr_quick_view_block">
                        <button t-if="userParams.quick_view" t-att-data-product-template-id="item.id" data-toggle="tooltip" data-placement="bottom" class="d_action_btn mx-1 btn-link btn d_product_quick_view" title="Quick View">
                            <i class="d_action_btn_icon lnr lnr-eye"></i> Quick View
                        </button>
                    </div>
                </div>
            </div>
        </div>
    </t>

    <t t-name="s_card_style_6">
        <div class="card h-100 s_card_style_6 shadow-sm">
            <!-- TO-DO MAX-HEIGHT -->
            <div class="d_product_box">
                <div t-if="userParams.anyActionEnabled" class="d_actions d-flex">
                    <button t-if="userParams.quick_view" t-att-data-product-template-id="item.id" data-toggle="tooltip" data-placement="bottom" class="btn btn-light text-center border rounded-circle d_action_btn d_product_quick_view" title="Quick View">
                        <i class="d_action_btn_icon lnr lnr-eye"></i>
                    </button>
                    <button t-if="userParams.comparison" t-att-data-product-product-id="item.product_variant_id" data-toggle="tooltip" data-placement="bottom" class="btn btn-light text-center border rounded-circle d_action_btn d_product_comparison" title="Compare">
                        <span class="d_action_btn_icon lnr lnr-layers"></span>
                    </button>
                    <button t-if="userParams.wishlist" t-att-data-product-product-id="item.product_variant_id" data-toggle="tooltip" data-placement="bottom" class="btn btn-light text-center border rounded-circle d_action_btn d_add_to_wishlist_btn" title="Add to Wishlist">
                        <i class="d_action_btn_icon lnr lnr-heart"></i>
                    </button>
                </div>
                <div class="d_img_block">
                    <a t-att-href="item.website_url">
                        <img t-att-src="item.img_medium" class="img img-fluid d-product-img"/>
                    </a>
                    <!-- LABEL -->
                    <span t-if="userParams.label &amp;&amp; item.label" t-attf-class="badge dr-product-label dr-product-label-color-#{item.label_color}">
                        <div class="corner"/>
                        <t t-esc="item.label"/>
                    </span>
                </div>
            </div>
            <div class="card-body position-relative">
                <h5 class="card-title text-truncate mt-2 d-product-name text-left mb-1">
                    <a t-att-href="item.website_url"><t t-esc="item.name"/></a>
                </h5>
                <button t-if="userParams.add_to_cart" t-att-data-product-product-id="item.product_variant_id" data-toggle="tooltip" data-placement="bottom" class="d_action_btn btn btn-lg btn-primary d_add_to_cart_btn" title="Add to Cart">
                    <i class="d_action_btn_icon lnr lnr-cart"></i>
                </button>
                <div class="row no-gutters">
                    <div class="col-8 text-left">
                        <h6 class="text-600 d-inline-block" t-raw="item.price"/> <small t-if="item.has_discounted_price" style="text-decoration: line-through; white-space: nowrap;" t-raw="item.list_price"/>
                    </div>
                    <div t-if="userParams.rating" class="col-4">
                        <t t-raw="item.rating"/>
                    </div>
                </div>
            </div>
        </div>
    </t>

    <!-- Card - 7 -->
    <t t-name="s_card_style_7">
        <div class="card h-100 text-center rounded-0 s_card_style_7">
            <a class="d_products_cover d-flex align-items-center" t-att-href="item.website_url">
                <!-- TO-DO MAX-HEIGHT -->
                <img t-att-src="item.img_medium" class="card-img-top d-product-img"/>
                <span t-if="userParams.rating" class="d_rating_top_right">
                    <t t-raw="item.rating"/>
                </span>
            </a>
            <!-- TO-DO MOVE lable mixin to common module -->
            <span t-if="userParams.label &amp;&amp; item.label" t-attf-class="badge dr-product-label dr-product-label-color-#{item.label_color}">
                <div class="corner"/>
                <t t-esc="item.label"/>
            </span>
            <div class="card-body p-0">
                <h5 class="card-title text-truncate mt-4 d-product-name">
                    <a t-att-href="item.website_url">
                        <t t-esc="item.name"/>
                    </a>
                </h5>
                <div class="d-product-price">
                    <h5 class="d-inline-block text-primary font-weight-bold" t-raw="item.price"/>
                    <h5 t-if="item.has_discounted_price" class="text-muted d-inline-block font-weight-bold" style="text-decoration: line-through; white-space: nowrap;" t-raw="item.list_price"/>
                </div>
                <div class="border-top mt-3" contenteditable="false">
                    <div class="row no-gutters">
                        <button t-if="userParams.add_to_cart" t-att-data-product-product-id="item.product_variant_id" class="btn py-3 btn-default d_action_btn border-right col d_add_to_cart_btn bg-primary" data-toggle="tooltip" title="Add to Cart">
                            <i class="lnr lnr-cart"></i> <span>BUY</span>
                        </button>
                        <button t-if="userParams.quick_view" t-att-data-product-template-id="item.id" class="btn py-3 btn-default d_action_btn border-right col d_product_quick_view" data-toggle="tooltip" title="Quick View">
                            <i class="d_action_btn_icon lnr lnr-eye"></i>
                            <small class="w-100 d-block d_action_btn_lable">View</small>
                        </button>
                        <button t-if="userParams.comparison" t-att-data-product-product-id="item.product_variant_id" class="btn py-3 btn-default d_action_btn border-right col d_product_comparison" data-toggle="tooltip" title="Compare">
                            <span class="d_action_btn_icon lnr lnr-layers"></span>
                            <small class="w-100 d-block d_action_btn_lable">Compare</small>
                        </button>
                        <button t-if="userParams.wishlist" t-att-data-product-product-id="item.product_variant_id" class="btn py-3 btn-default d_action_btn col d_add_to_wishlist_btn" data-toggle="tooltip" title="Add to Wishlist">
                            <i class="d_action_btn_icon lnr lnr-heart"></i>
                            <small class="w-100 d-block d_action_btn_lable">Wishlist</small>
                        </button>
                    </div>
                </div>
            </div>
        </div>
    </t>

</templates>
