<?xml version="1.0" encoding="UTF-8"?>
<templates>
    <!-- Filter style - 1 -->
    <t t-name="d_category_filter_style_1">
        <div class="d_category_filter_style_1 p-3 text-center">
            <t t-foreach="categories" t-as="category">
                <span class="mx-3 d_lable_wrapper d-inline-block">
                    <h6 t-att-data-category-id="category.id" t-attf-class="d-block d_category_lable #{category_index === 0 ? 'd_active': ''}" t-esc="category.name"/>
                </span>
            </t>
        </div>
    </t>

    <!-- Filter style - 2 -->
    <t t-name="d_category_filter_style_2">
        <div class="d_category_filter_style_2 p-3 text-center">
            <t t-foreach="categories" t-as="category">
                <button t-esc="category.name" t-att-data-category-id="category.id" t-attf-class="mx-2 d_category_lable btn mb-1 rounded-circle #{category_index === 0 ? 'd_active': ''}"/>
            </t>
        </div>
    </t>

    <!-- Filter style - 3 -->
    <t t-name="d_category_filter_style_3">
        <div class="d_category_filter_style_3 p-3 text-right">
            <t t-foreach="categories" t-as="category">
                <span t-esc="category.name" t-att-data-category-id="category.id" t-attf-class="mx-2 d_category_lable pb-1 #{category_index === 0 ? 'd_active': ''}"/>
            </t>
        </div>
    </t>

    <!-- Filter style - 4 -->
    <t t-name="d_category_filter_style_4">
        <div class="d_category_filter_style_4 d-flex justify-content-between text-center">
            <t t-foreach="categories" t-as="category">
                <span t-esc="category.name" t-att-data-category-id="category.id" t-attf-class="py-3 px-2 w-100 font-weight-bold d_category_lable #{category_index === 0 ? 'd_active': ''}"/>
            </t>
        </div>
    </t>


    <!-- Filter style - 5 -->
    <t t-name="d_category_filter_style_5">
        <div class="d_category_filter_style_5 p-3 text-center">
            <t t-foreach="categories" t-as="category">
                <button t-esc="category.name" t-att-data-category-id="category.id" t-attf-class="mx-2 d_category_lable btn mb-1 #{category_index === 0 ? 'd_active': ''}"/>
            </t>
        </div>
    </t>

    <!-- Filter style - 6 -->
    <t t-name="d_category_filter_style_6">
        <div class="d_category_filter_style_6 p-3 text-center">
            <t t-foreach="categories" t-as="category">
                <span t-esc="category.name" t-att-data-category-id="category.id" t-attf-class="font-weight-bold d_category_lable pb-1 #{category_index === 0 ? 'd_active': ''}"/>
            </t>
        </div>
    </t>
</templates>
