<?xml version="1.0" encoding="UTF-8"?>
<template>

    <t t-name="droggol_theme_common.pwa_ios_popup_template">
        <div class="dr-pwa-ios-popup p-2 shadow">
            <div class="media align-items-center">
                <img t-attf-src="/web/image/website/#{widget.websiteID}/pwa_icon_192/192x192" class="mr-2 logo"/>
                <div class="media-body">
                    To install this web app on your iOS device: tap <img class="icon" src="/droggol_theme_common/static/src/img/pwa_ios_share.png"/> then Add to Home Screen.
                </div>
            </div>
        </div>
    </t>

</template>
