<?xml version="1.0" encoding="UTF-8"?>
<template>

    <t t-name="droggol_default_loader">
        <div class="d_spinner_loader">
            <div class="bounce1"></div>
            <div class="bounce2"></div>
            <div class="bounce3"></div>
        </div>
    </t>

    <t t-name="droggol_default_no_data_tmpl">
        <div class="d-flex align-items-center justify-content-center">
            <div>
                <img class="img img-fluid" style="max-height:200px;" src="/droggol_theme_common/static/src/img/no_data.svg"/>
                <h6 class="mt-3 text-center font-weight-bold">No products found!</h6>
                <p class="text-muted text-center">Please check your filters.</p>
            </div>
        </div>
    </t>
</template>
