<?xml version="1.0" encoding="UTF-8"?>
<template>
    <t t-name="droggol_default_loader">
        <div class="d_spinner_loader">
            <div class="bounce1"></div>
            <div class="bounce2"></div>
            <div class="bounce3"></div>
        </div>
    </t>

    <t t-name="droggol_default_no_data_templ">
        <div class="d-flex d_default_no_data_templ align-items-center justify-content-center">
            <div class="text-center">
                <img t-if="widget.noDataTemplateImg" class="img img-fluid" style="max-height:300px;" t-att-src="widget.noDataTemplateImg"/>
                <h4 t-if="widget.noDataTemplateString" t-esc="widget.noDataTemplateString" class="mt-3 text-center font-weight-bold"></h4>
                <p t-if="widget.noDataTemplateSubString" t-esc="widget.noDataTemplateSubString" class="text-muted text-center"></p>
                <a t-if="widget.displayAllProductsBtn" href="/shop" class="btn btn-primary">All products <span class="lnr lnr-chevron-right"></span></a>
            </div>
        </div>
    </t>
</template>
